<?xml version="1.0" encoding="UTF-8" standalone="yes"?>
<ClassObject>
    <packageName>BDD.UI</packageName>
    <className>CreateTestCase</className>
    <fields>
        <field>
            <modifier>0</modifier>
            <name>methodPane</name>
            <classObject>
                <packageName>javax.swing</packageName>
                <className>JScrollPane</className>
                <fields/>
                <constructors/>
                <methods/>
                <myClass>javax.swing.JScrollPane</myClass>
            </classObject>
        </field>
        <field>
            <modifier>0</modifier>
            <name>methodList</name>
            <classObject>
                <packageName>javax.swing</packageName>
                <className>JList</className>
                <fields/>
                <constructors/>
                <methods/>
                <myClass>javax.swing.JList</myClass>
            </classObject>
        </field>
        <field>
            <modifier>0</modifier>
            <name>testCasePanel</name>
            <classObject>
                <packageName>javax.swing</packageName>
                <className>JPanel</className>
                <fields/>
                <constructors/>
                <methods/>
                <myClass>javax.swing.JPanel</myClass>
            </classObject>
        </field>
        <field>
            <modifier>0</modifier>
            <name>testCaseList</name>
            <classObject>
                <packageName>javax.swing</packageName>
                <className>JList</className>
                <fields/>
                <constructors/>
                <methods/>
                <myClass>javax.swing.JList</myClass>
            </classObject>
        </field>
        <field>
            <modifier>0</modifier>
            <name>detailsPanel</name>
            <classObject>
                <packageName>javax.swing</packageName>
                <className>JPanel</className>
                <fields/>
                <constructors/>
                <methods/>
                <myClass>javax.swing.JPanel</myClass>
            </classObject>
        </field>
        <field>
            <modifier>0</modifier>
            <name>detailsTable</name>
            <classObject>
                <packageName>javax.swing</packageName>
                <className>JTable</className>
                <fields/>
                <constructors/>
                <methods/>
                <myClass>javax.swing.JTable</myClass>
            </classObject>
        </field>
        <field>
            <modifier>0</modifier>
            <name>validateTestBtn</name>
            <classObject>
                <packageName>javax.swing</packageName>
                <className>JButton</className>
                <fields/>
                <constructors/>
                <methods/>
                <myClass>javax.swing.JButton</myClass>
            </classObject>
        </field>
        <field>
            <modifier>0</modifier>
            <name>objHolder</name>
            <classObject>
                <packageName>BDD.Test.holder</packageName>
                <className>ObjectHolder</className>
                <fields/>
                <constructors/>
                <methods/>
                <myClass>BDD.Test.holder.ObjectHolder</myClass>
            </classObject>
        </field>
        <field>
            <modifier>0</modifier>
            <name>selectedMethods</name>
            <classObject>
                <packageName>java.util</packageName>
                <className>ArrayList</className>
                <fields/>
                <constructors/>
                <methods/>
                <myClass>java.util.ArrayList</myClass>
            </classObject>
        </field>
        <field>
            <modifier>0</modifier>
            <name>clsObj</name>
            <classObject>
                <packageName>BDD.Objects</packageName>
                <className>ClassObject</className>
                <fields/>
                <constructors/>
                <methods/>
                <myClass>BDD.Objects.ClassObject</myClass>
            </classObject>
        </field>
        <field>
            <modifier>0</modifier>
            <name>className</name>
            <classObject>
                <packageName>java.lang</packageName>
                <className>String</className>
                <fields/>
                <constructors/>
                <methods/>
                <myClass>java.lang.String</myClass>
            </classObject>
        </field>
        <field>
            <modifier>0</modifier>
            <name>window</name>
            <classObject>
                <packageName>javax.swing</packageName>
                <className>JFrame</className>
                <fields/>
                <constructors/>
                <methods/>
                <myClass>javax.swing.JFrame</myClass>
            </classObject>
        </field>
    </fields>
    <constructors/>
    <methods>
        <method>
            <modifier>1</modifier>
            <name>creatTestCase</name>
            <returnType>
                <packageName></packageName>
                <className>void</className>
                <fields/>
                <constructors/>
                <methods/>
                <myClass>void</myClass>
            </returnType>
            <parameters>
                <packageName>javax.swing</packageName>
                <className>JPanel</className>
                <fields/>
                <constructors/>
                <methods/>
                <myClass>javax.swing.JPanel</myClass>
            </parameters>
        </method>
    </methods>
    <myClass>BDD.UI.CreateTestCase</myClass>
</ClassObject>
