<?xml version="1.0" encoding="UTF-8" standalone="yes"?>
<ClassObject>
    <packageName>BDD.BinderFactory</packageName>
    <className>ReadXMLBinder</className>
    <fields/>
    <constructors/>
    <methods>
        <method>
            <modifier>9</modifier>
            <name>xmlReader</name>
            <returnType>
                <packageName>java.util</packageName>
                <className>ArrayList</className>
                <fields/>
                <constructors/>
                <methods/>
                <myClass>java.util.ArrayList</myClass>
            </returnType>
            <parameters>
                <packageName>java.lang</packageName>
                <className>String</className>
                <fields/>
                <constructors/>
                <methods/>
                <myClass>java.lang.String</myClass>
            </parameters>
            <parameters>
                <packageName>BDD.Objects</packageName>
                <className>ClassObject</className>
                <fields/>
                <constructors/>
                <methods/>
                <myClass>BDD.Objects.ClassObject</myClass>
            </parameters>
        </method>
    </methods>
    <myClass>BDD.BinderFactory.ReadXMLBinder</myClass>
</ClassObject>
