<?xml version="1.0" encoding="UTF-8" standalone="yes"?>
<ClassObject>
    <packageName>BDD.UserInput</packageName>
    <className>SetXmlInput</className>
    <fields>
        <field>
            <modifier>1</modifier>
            <name>className</name>
            <classObject>
                <packageName>java.lang</packageName>
                <className>String</className>
                <fields/>
                <constructors/>
                <methods/>
                <myClass>java.lang.String</myClass>
            </classObject>
        </field>
        <field>
            <modifier>1</modifier>
            <name>methodName</name>
            <classObject>
                <packageName>java.lang</packageName>
                <className>String</className>
                <fields/>
                <constructors/>
                <methods/>
                <myClass>java.lang.String</myClass>
            </classObject>
        </field>
        <field>
            <modifier>1</modifier>
            <name>expectedValue</name>
            <classObject>
                <packageName>java.lang</packageName>
                <className>Object</className>
                <fields/>
                <constructors/>
                <methods/>
                <myClass>java.lang.Object</myClass>
            </classObject>
        </field>
        <field>
            <modifier>1</modifier>
            <name>inputs</name>
            <classObject>
                <packageName></packageName>
                <className>Object[]</className>
                <fields/>
                <constructors/>
                <methods/>
                <myClass>[Ljava.lang.Object;</myClass>
            </classObject>
        </field>
    </fields>
    <constructors/>
    <methods>
        <method>
            <modifier>1</modifier>
            <name>setClassName</name>
            <returnType>
                <packageName></packageName>
                <className>void</className>
                <fields/>
                <constructors/>
                <methods/>
                <myClass>void</myClass>
            </returnType>
            <parameters>
                <packageName>java.lang</packageName>
                <className>String</className>
                <fields/>
                <constructors/>
                <methods/>
                <myClass>java.lang.String</myClass>
            </parameters>
        </method>
        <method>
            <modifier>1</modifier>
            <name>setMethodName</name>
            <returnType>
                <packageName></packageName>
                <className>void</className>
                <fields/>
                <constructors/>
                <methods/>
                <myClass>void</myClass>
            </returnType>
            <parameters>
                <packageName>java.lang</packageName>
                <className>String</className>
                <fields/>
                <constructors/>
                <methods/>
                <myClass>java.lang.String</myClass>
            </parameters>
        </method>
        <method>
            <modifier>1</modifier>
            <name>setExpectedValue</name>
            <returnType>
                <packageName></packageName>
                <className>void</className>
                <fields/>
                <constructors/>
                <methods/>
                <myClass>void</myClass>
            </returnType>
            <parameters>
                <packageName>java.lang</packageName>
                <className>Object</className>
                <fields/>
                <constructors/>
                <methods/>
                <myClass>java.lang.Object</myClass>
            </parameters>
        </method>
        <method>
            <modifier>1</modifier>
            <name>setInputs</name>
            <returnType>
                <packageName></packageName>
                <className>void</className>
                <fields/>
                <constructors/>
                <methods/>
                <myClass>void</myClass>
            </returnType>
            <parameters>
                <packageName></packageName>
                <className>Object[]</className>
                <fields/>
                <constructors/>
                <methods/>
                <myClass>[Ljava.lang.Object;</myClass>
            </parameters>
        </method>
    </methods>
    <myClass>BDD.UserInput.SetXmlInput</myClass>
</ClassObject>
