<?xml version="1.0" encoding="UTF-8" standalone="yes"?>
<ClassObject>
    <packageName>BDD.UI</packageName>
    <className>createMyUI</className>
    <fields>
        <field>
            <modifier>0</modifier>
            <name>classTxt</name>
            <classObject>
                <packageName>javax.swing</packageName>
                <className>JTextField</className>
                <fields/>
                <constructors/>
                <methods/>
                <myClass>javax.swing.JTextField</myClass>
            </classObject>
        </field>
        <field>
            <modifier>0</modifier>
            <name>frame</name>
            <classObject>
                <packageName>javax.swing</packageName>
                <className>JFrame</className>
                <fields/>
                <constructors/>
                <methods/>
                <myClass>javax.swing.JFrame</myClass>
            </classObject>
        </field>
        <field>
            <modifier>0</modifier>
            <name>nxtFrame</name>
            <classObject>
                <packageName>javax.swing</packageName>
                <className>JFrame</className>
                <fields/>
                <constructors/>
                <methods/>
                <myClass>javax.swing.JFrame</myClass>
            </classObject>
        </field>
        <field>
            <modifier>0</modifier>
            <name>gc</name>
            <classObject>
                <packageName>BDD.GetAllClasses</packageName>
                <className>GetClasses</className>
                <fields/>
                <constructors/>
                <methods/>
                <myClass>BDD.GetAllClasses.GetClasses</myClass>
            </classObject>
        </field>
        <field>
            <modifier>0</modifier>
            <name>classListPanel</name>
            <classObject>
                <packageName>javax.swing</packageName>
                <className>JPanel</className>
                <fields/>
                <constructors/>
                <methods/>
                <myClass>javax.swing.JPanel</myClass>
            </classObject>
        </field>
        <field>
            <modifier>0</modifier>
            <name>checkboxes</name>
            <classObject>
                <packageName>java.util</packageName>
                <className>List</className>
                <fields/>
                <constructors/>
                <methods/>
                <myClass>java.util.List</myClass>
            </classObject>
        </field>
        <field>
            <modifier>0</modifier>
            <name>allclasses</name>
            <classObject>
                <packageName>java.util</packageName>
                <className>List</className>
                <fields/>
                <constructors/>
                <methods/>
                <myClass>java.util.List</myClass>
            </classObject>
        </field>
        <field>
            <modifier>1</modifier>
            <name>processBtnListener</name>
            <classObject>
                <packageName>java.awt.event</packageName>
                <className>ActionListener</className>
                <fields/>
                <constructors/>
                <methods/>
                <myClass>java.awt.event.ActionListener</myClass>
            </classObject>
        </field>
    </fields>
    <constructors/>
    <methods>
        <method>
            <modifier>9</modifier>
            <name>main</name>
            <returnType>
                <packageName></packageName>
                <className>void</className>
                <fields/>
                <constructors/>
                <methods/>
                <myClass>void</myClass>
            </returnType>
            <parameters>
                <packageName></packageName>
                <className>String[]</className>
                <fields/>
                <constructors/>
                <methods/>
                <myClass>[Ljava.lang.String;</myClass>
            </parameters>
        </method>
    </methods>
    <myClass>BDD.UI.createMyUI</myClass>
</ClassObject>
