<?xml version="1.0" encoding="UTF-8" standalone="yes"?>
<ClassObject>
    <packageName>BDD.BinderFactory</packageName>
    <className>ClassFactory</className>
    <fields/>
    <constructors/>
    <methods>
        <method>
            <modifier>9</modifier>
            <name>getClassObject</name>
            <returnType>
                <packageName>BDD.Objects</packageName>
                <className>ClassObject</className>
                <fields/>
                <constructors/>
                <methods/>
                <myClass>BDD.Objects.ClassObject</myClass>
            </returnType>
            <parameters>
                <packageName>java.lang</packageName>
                <className>Object</className>
                <fields/>
                <constructors/>
                <methods/>
                <myClass>java.lang.Object</myClass>
            </parameters>
        </method>
        <method>
            <modifier>9</modifier>
            <name>getClassObject</name>
            <returnType>
                <packageName>BDD.Objects</packageName>
                <className>ClassObject</className>
                <fields/>
                <constructors/>
                <methods/>
                <myClass>BDD.Objects.ClassObject</myClass>
            </returnType>
            <parameters>
                <packageName>java.lang</packageName>
                <className>Object</className>
                <fields/>
                <constructors/>
                <methods/>
                <myClass>java.lang.Object</myClass>
            </parameters>
            <parameters>
                <packageName></packageName>
                <className>boolean</className>
                <fields/>
                <constructors/>
                <methods/>
                <myClass>boolean</myClass>
            </parameters>
        </method>
        <method>
            <modifier>10</modifier>
            <name>updateMethods</name>
            <returnType>
                <packageName>BDD.Objects</packageName>
                <className>ClassObject</className>
                <fields/>
                <constructors/>
                <methods/>
                <myClass>BDD.Objects.ClassObject</myClass>
            </returnType>
            <parameters>
                <packageName>BDD.Objects</packageName>
                <className>ClassObject</className>
                <fields/>
                <constructors/>
                <methods/>
                <myClass>BDD.Objects.ClassObject</myClass>
            </parameters>
            <parameters>
                <packageName>java.lang</packageName>
                <className>Class</className>
                <fields/>
                <constructors/>
                <methods/>
                <myClass>java.lang.Class</myClass>
            </parameters>
        </method>
        <method>
            <modifier>10</modifier>
            <name>updateFields</name>
            <returnType>
                <packageName>BDD.Objects</packageName>
                <className>ClassObject</className>
                <fields/>
                <constructors/>
                <methods/>
                <myClass>BDD.Objects.ClassObject</myClass>
            </returnType>
            <parameters>
                <packageName>BDD.Objects</packageName>
                <className>ClassObject</className>
                <fields/>
                <constructors/>
                <methods/>
                <myClass>BDD.Objects.ClassObject</myClass>
            </parameters>
            <parameters>
                <packageName>java.lang</packageName>
                <className>Class</className>
                <fields/>
                <constructors/>
                <methods/>
                <myClass>java.lang.Class</myClass>
            </parameters>
        </method>
    </methods>
    <myClass>BDD.BinderFactory.ClassFactory</myClass>
</ClassObject>
