<?xml version="1.0" encoding="UTF-8" standalone="yes"?>
<ClassObject>
    <packageName>BDD.Driver</packageName>
    <className>ValidateClass</className>
    <fields>
        <field>
            <modifier>8</modifier>
            <name>d1</name>
            <classObject>
                <packageName>BDD.Driver</packageName>
                <className>Driver1</className>
                <fields/>
                <constructors/>
                <methods/>
                <myClass>BDD.Driver.Driver1</myClass>
            </classObject>
        </field>
    </fields>
    <constructors/>
    <methods>
        <method>
            <modifier>1</modifier>
            <name>validateMyClass</name>
            <returnType>
                <packageName></packageName>
                <className>void</className>
                <fields/>
                <constructors/>
                <methods/>
                <myClass>void</myClass>
            </returnType>
            <parameters>
                <packageName>BDD.Objects</packageName>
                <className>ClassObject</className>
                <fields/>
                <constructors/>
                <methods/>
                <myClass>BDD.Objects.ClassObject</myClass>
            </parameters>
            <parameters>
                <packageName>java.lang</packageName>
                <className>String</className>
                <fields/>
                <constructors/>
                <methods/>
                <myClass>java.lang.String</myClass>
            </parameters>
            <parameters>
                <packageName>java.lang</packageName>
                <className>String</className>
                <fields/>
                <constructors/>
                <methods/>
                <myClass>java.lang.String</myClass>
            </parameters>
        </method>
        <method>
            <modifier>9</modifier>
            <name>main</name>
            <returnType>
                <packageName></packageName>
                <className>void</className>
                <fields/>
                <constructors/>
                <methods/>
                <myClass>void</myClass>
            </returnType>
            <parameters>
                <packageName></packageName>
                <className>String[]</className>
                <fields/>
                <constructors/>
                <methods/>
                <myClass>[Ljava.lang.String;</myClass>
            </parameters>
        </method>
    </methods>
    <myClass>BDD.Driver.ValidateClass</myClass>
</ClassObject>
