<?xml version="1.0" encoding="UTF-8" standalone="yes"?>
<ClassObject>
    <packageName>BDD.UI</packageName>
    <className>createUI</className>
    <fields>
        <field>
            <modifier>0</modifier>
            <name>tabbedPane</name>
            <classObject>
                <packageName>javax.swing</packageName>
                <className>JTabbedPane</className>
                <fields/>
                <constructors/>
                <methods/>
                <myClass>javax.swing.JTabbedPane</myClass>
            </classObject>
        </field>
        <field>
            <modifier>0</modifier>
            <name>homeclasspanel</name>
            <classObject>
                <packageName>javax.swing</packageName>
                <className>JPanel</className>
                <fields/>
                <constructors/>
                <methods/>
                <myClass>javax.swing.JPanel</myClass>
            </classObject>
        </field>
        <field>
            <modifier>0</modifier>
            <name>methodclassPanel</name>
            <classObject>
                <packageName>javax.swing</packageName>
                <className>JPanel</className>
                <fields/>
                <constructors/>
                <methods/>
                <myClass>javax.swing.JPanel</myClass>
            </classObject>
        </field>
        <field>
            <modifier>0</modifier>
            <name>testCasePanel</name>
            <classObject>
                <packageName>javax.swing</packageName>
                <className>JPanel</className>
                <fields/>
                <constructors/>
                <methods/>
                <myClass>javax.swing.JPanel</myClass>
            </classObject>
        </field>
        <field>
            <modifier>0</modifier>
            <name>classTxt</name>
            <classObject>
                <packageName>javax.swing</packageName>
                <className>JTextField</className>
                <fields/>
                <constructors/>
                <methods/>
                <myClass>javax.swing.JTextField</myClass>
            </classObject>
        </field>
        <field>
            <modifier>0</modifier>
            <name>nxtbtn</name>
            <classObject>
                <packageName>javax.swing</packageName>
                <className>JButton</className>
                <fields/>
                <constructors/>
                <methods/>
                <myClass>javax.swing.JButton</myClass>
            </classObject>
        </field>
        <field>
            <modifier>0</modifier>
            <name>loadTestCasesbtn</name>
            <classObject>
                <packageName>javax.swing</packageName>
                <className>JButton</className>
                <fields/>
                <constructors/>
                <methods/>
                <myClass>javax.swing.JButton</myClass>
            </classObject>
        </field>
        <field>
            <modifier>0</modifier>
            <name>gc</name>
            <classObject>
                <packageName>BDD.GetAllClasses</packageName>
                <className>GetClasses</className>
                <fields/>
                <constructors/>
                <methods/>
                <myClass>BDD.GetAllClasses.GetClasses</myClass>
            </classObject>
        </field>
    </fields>
    <constructors/>
    <methods>
        <method>
            <modifier>9</modifier>
            <name>main</name>
            <returnType>
                <packageName></packageName>
                <className>void</className>
                <fields/>
                <constructors/>
                <methods/>
                <myClass>void</myClass>
            </returnType>
            <parameters>
                <packageName></packageName>
                <className>String[]</className>
                <fields/>
                <constructors/>
                <methods/>
                <myClass>[Ljava.lang.String;</myClass>
            </parameters>
        </method>
    </methods>
    <myClass>BDD.UI.createUI</myClass>
</ClassObject>
