<?xml version="1.0" encoding="UTF-8" standalone="yes"?>
<ClassObject>
    <packageName>BDD.Driver</packageName>
    <className>storeClass</className>
    <fields/>
    <constructors/>
    <methods>
        <method>
            <modifier>1</modifier>
            <name>storeClassStructure</name>
            <returnType>
                <packageName></packageName>
                <className>void</className>
                <fields/>
                <constructors/>
                <methods/>
                <myClass>void</myClass>
            </returnType>
            <parameters>
                <packageName>BDD.Objects</packageName>
                <className>ClassObject</className>
                <fields/>
                <constructors/>
                <methods/>
                <myClass>BDD.Objects.ClassObject</myClass>
            </parameters>
        </method>
    </methods>
    <myClass>BDD.Driver.storeClass</myClass>
</ClassObject>
