<?xml version="1.0" encoding="UTF-8" standalone="yes"?>
<ClassObject>
    <packageName>BDD.UserInput</packageName>
    <className>GiveInputs</className>
    <fields>
        <field>
            <modifier>8</modifier>
            <name>ip1</name>
            <classObject>
                <packageName>BDD.UserInput</packageName>
                <className>SetXmlInput</className>
                <fields/>
                <constructors/>
                <methods/>
                <myClass>BDD.UserInput.SetXmlInput</myClass>
            </classObject>
        </field>
    </fields>
    <constructors/>
    <methods>
        <method>
            <modifier>9</modifier>
            <name>giveInput</name>
            <returnType>
                <packageName></packageName>
                <className>boolean</className>
                <fields/>
                <constructors/>
                <methods/>
                <myClass>boolean</myClass>
            </returnType>
            <parameters>
                <packageName>java.lang</packageName>
                <className>String</className>
                <fields/>
                <constructors/>
                <methods/>
                <myClass>java.lang.String</myClass>
            </parameters>
        </method>
        <method>
            <modifier>9</modifier>
            <name>main</name>
            <returnType>
                <packageName></packageName>
                <className>void</className>
                <fields/>
                <constructors/>
                <methods/>
                <myClass>void</myClass>
            </returnType>
            <parameters>
                <packageName></packageName>
                <className>String[]</className>
                <fields/>
                <constructors/>
                <methods/>
                <myClass>[Ljava.lang.String;</myClass>
            </parameters>
        </method>
    </methods>
    <myClass>BDD.UserInput.GiveInputs</myClass>
</ClassObject>
