<?xml version="1.0" encoding="UTF-8" standalone="yes"?>
<ClassObject>
    <packageName>BDD.Driver</packageName>
    <className>Driver</className>
    <fields/>
    <constructors/>
    <methods>
        <method>
            <modifier>129</modifier>
            <name>testMethod</name>
            <returnType>
                <packageName></packageName>
                <className>boolean</className>
                <fields/>
                <constructors/>
                <methods/>
                <myClass>boolean</myClass>
            </returnType>
            <parameters>
                <packageName>java.lang</packageName>
                <className>String</className>
                <fields/>
                <constructors/>
                <methods/>
                <myClass>java.lang.String</myClass>
            </parameters>
            <parameters>
                <packageName>java.lang</packageName>
                <className>String</className>
                <fields/>
                <constructors/>
                <methods/>
                <myClass>java.lang.String</myClass>
            </parameters>
            <parameters>
                <packageName>java.lang</packageName>
                <className>Object</className>
                <fields/>
                <constructors/>
                <methods/>
                <myClass>java.lang.Object</myClass>
            </parameters>
            <parameters>
                <packageName></packageName>
                <className>boolean</className>
                <fields/>
                <constructors/>
                <methods/>
                <myClass>boolean</myClass>
            </parameters>
            <parameters>
                <packageName></packageName>
                <className>Object[]</className>
                <fields/>
                <constructors/>
                <methods/>
                <myClass>[Ljava.lang.Object;</myClass>
            </parameters>
        </method>
        <method>
            <modifier>9</modifier>
            <name>main</name>
            <returnType>
                <packageName></packageName>
                <className>void</className>
                <fields/>
                <constructors/>
                <methods/>
                <myClass>void</myClass>
            </returnType>
            <parameters>
                <packageName></packageName>
                <className>String[]</className>
                <fields/>
                <constructors/>
                <methods/>
                <myClass>[Ljava.lang.String;</myClass>
            </parameters>
        </method>
    </methods>
    <myClass>BDD.Driver.Driver</myClass>
</ClassObject>
