<?xml version="1.0" encoding="UTF-8" standalone="yes"?>
<ClassObject>
    <packageName>BDD.Driver</packageName>
    <className>findTestCase</className>
    <fields>
        <field>
            <modifier>0</modifier>
            <name>myTestCases</name>
            <classObject>
                <packageName>java.util</packageName>
                <className>List</className>
                <fields/>
                <constructors/>
                <methods/>
                <myClass>java.util.List</myClass>
            </classObject>
        </field>
    </fields>
    <constructors/>
    <methods>
        <method>
            <modifier>1</modifier>
            <name>testCases</name>
            <returnType>
                <packageName>java.util</packageName>
                <className>List</className>
                <fields/>
                <constructors/>
                <methods/>
                <myClass>java.util.List</myClass>
            </returnType>
            <parameters>
                <packageName>java.lang</packageName>
                <className>String</className>
                <fields/>
                <constructors/>
                <methods/>
                <myClass>java.lang.String</myClass>
            </parameters>
            <parameters>
                <packageName>java.lang</packageName>
                <className>String</className>
                <fields/>
                <constructors/>
                <methods/>
                <myClass>java.lang.String</myClass>
            </parameters>
        </method>
    </methods>
    <myClass>BDD.Driver.findTestCase</myClass>
</ClassObject>
