<?xml version="1.0" encoding="UTF-8"?>
<!DOCTYPE log4j:configuration SYSTEM "log4j.dtd">
 
<log4j:configuration xmlns:log4j="http://jakarta.apache.org/log4j/">
    <appender name="fileAppender" class="org.apache.log4j.RollingFileAppender">
        <param name="Threshold" value="INFO" />
        <param name="File" value="RunLog.log" />
        <param name="append" value="true"/>
        <layout class="org.apache.log4j.PatternLayout">
            <param name="ConversionPattern" value="%d  %-5p  [%c{1}] %m %n" />
        </layout>
    </appender>
   	 <appender name="CONSOLE" class="org.apache.log4j.ConsoleAppender">
		<param name="Threshold" value="TRACE"/>
		<param name="Target" value="System.out" />
		<layout class="org.apache.log4j.PatternLayout">
			<!-- Pattern to output the caller's file name and line number -->
			<param name="ConversionPattern" value="%d{yyyy.MM.dd HH:mm:ss.SSS} | %5p : %m%n" />
		</layout>
	</appender> 
    <root>
        <priority value="info" />
        <appender-ref ref="fileAppender" />
        <appender-ref ref="CONSOLE" />
    </root>
</log4j:configuration>
   
