<?xml version="1.0" encoding="UTF-8" standalone="yes"?><ClassObject><packageName>BDD.Test.Objects</packageName><className>Car</className><fields><modifier>1</modifier><name>number</name><classObject><packageName>java.lang</packageName><className>String</className></classObject></fields><fields><modifier>1</modifier><name>color</name><classObject><packageName>BDD.Test.Objects</packageName><className>COLOR</className></classObject></fields><fields><modifier>1</modifier><name>owner</name><classObject><packageName>java.lang</packageName><className>String</className></classObject></fields><methods><modifier>1</modifier><name>getNumber</name><returnType><packageName>java.lang</packageName><className>String</className></returnType></methods><methods><modifier>1</modifier><name>getOwner</name><returnType><packageName>java.lang</packageName><className>String</className></returnType></methods><methods><modifier>1</modifier><name>setColor</name><returnType><packageName></packageName><className>void</className></returnType><parameters><packageName>BDD.Test.Objects</packageName><className>COLOR</className></parameters></methods><methods><modifier>1</modifier><name>setNumber</name><returnType><packageName></packageName><className>void</className></returnType><parameters><packageName>java.lang</packageName><className>String</className></parameters></methods><methods><modifier>1</modifier><name>setOwner</name><returnType><packageName></packageName><className>void</className></returnType><parameters><packageName>java.lang</packageName><className>String</className></parameters></methods><methods><modifier>1</modifier><name>getColor</name><returnType><packageName>BDD.Test.Objects</packageName><className>COLOR</className></returnType></methods></ClassObject>